LakeID,Year,Sta1_SprTP,Sta2_SprTP,N
ABENAKI,1988,9,11,9
ABENAKI,1989,11,14,9
ABENAKI,1990,5,5,9
ABENAKI,1991,11,10,9
ABENAKI,1992,10,10,9
ABENAKI,1998,8.699999809,8.300000191,9
ABENAKI,2000,10.30000019,10.30000019,9
ABENAKI,2006,11.26666673,11.89999994,9
ABENAKI,2011,11.89999962,7.489999771,9
ADAMS (WOODFD),1980,12,12,8
ADAMS (WOODFD),1990,9,8,8
ADAMS (WOODFD),1992,12,11,8
ADAMS (WOODFD),1994,9,8,8
ADAMS (WOODFD),2000,9.699999809,9.300000191,8
ADAMS (WOODFD),2007,14.36666679,10.27000014,8
ADAMS (WOODFD),2009,10.79999987,12.03333314,8
ADAMS (WOODFD),2011,13.20000029,14,8
AMHERST,1980,10,7,8
AMHERST,1983,9,10,8
AMHERST,1985,8,8,8
AMHERST,1994,6,5.699999809,8
AMHERST,1999,6.300000191,6.300000191,8
AMHERST,2005,8.176666419,8.720000267,8
AMHERST,2007,11.08666643,9.543333371,8
AMHERST,2012,25.55000019,25.64999962,8
AUSTIN,1991,9,10,7
AUSTIN,1992,9,11,7
AUSTIN,1993,9,14.30000019,7
AUSTIN,1998,10.30000019,9,7
AUSTIN,2004,12,14.33333333,7
AUSTIN,2010,9.850000381,8.920000076,7
AUSTIN,2019,14,13,7
BAKER (BARTON),1992,22,24,7
BAKER (BARTON),1993,20,22,7
BAKER (BARTON),1994,17,17.70000076,7
BAKER (BARTON),1997,25,27.5,7
BAKER (BARTON),2002,18.66666667,15,7
BAKER (BARTON),2004,26.33333333,27.33333333,7
BAKER (BARTON),2007,25.56666629,24.76666705,7
BAKER (BRKFLD),1999,11,10,6
BAKER (BRKFLD),2000,6.699999809,7,6
BAKER (BRKFLD),2006,13.5666666,14.16666635,6
BAKER (BRKFLD),2007,11.96666654,13.0666666,6
BAKER (BRKFLD),2010,10.10000038,8.329999924,6
BAKER (BRKFLD),2015,20.29999924,19.5,6
BALD HILL,1982,6,6,21
BALD HILL,1984,8,7,21
BALD HILL,1988,6,5,21
BALD HILL,1989,6,6,21
BALD HILL,1997,6.699999809,5,21
BALD HILL,2004,8,7.333333333,21
BALD HILL,2005,9.329999606,9.076666832,21
BALD HILL,2006,9.956666311,10.10666688,21
BALD HILL,2007,7.769999981,7.626666705,21
BALD HILL,2009,10.66666667,9.366666794,21
BALD HILL,2010,10.25,9.414999962,21
BALD HILL,2011,14.05000019,8.96999979,21
BALD HILL,2012,11.44000006,10.8499999,21
BALD HILL,2013,8.529999892,7.187499881,21
BALD HILL,2014,12.78499985,9.235000134,21
BALD HILL,2015,12.5333333,10.89999962,21
BALD HILL,2016,10.15999985,8.444999695,21
BALD HILL,2017,10,9.350000381,21
BALD HILL,2018,10.4000001,8.59499979,21
BALD HILL,2019,10,8.5,21
BALD HILL,2020,11.68333324,8.600000381,21
BEAN (LYNDON),1990,6,5,8
BEAN (LYNDON),1991,5,6,8
BEAN (LYNDON),1992,13,8,8
BEAN (LYNDON),1994,6.300000191,6.300000191,8
BEAN (LYNDON),1999,9,8.300000191,8
BEAN (LYNDON),2000,5.699999809,5.300000191,8
BEAN (LYNDON),2010,9.079999924,7.329999924,8
BEAN (LYNDON),2011,9.424999714,9.68999958,8
BEAN (SUTTON),1990,5,5,7
BEAN (SUTTON),1991,6,5,7
BEAN (SUTTON),1992,9,9,7
BEAN (SUTTON),1994,6,5.300000191,7
BEAN (SUTTON),1999,6,5.300000191,7
BEAN (SUTTON),2005,9,8.426666578,7
BEAN (SUTTON),2013,8.020000458,9.159999847,7
BEEBE (HUBDTN),1980,14,17,17
BEEBE (HUBDTN),1981,13,14,17
BEEBE (HUBDTN),1982,18,24,17
BEEBE (HUBDTN),1983,12,12,17
BEEBE (HUBDTN),1984,9,11,17
BEEBE (HUBDTN),1985,11,12,17
BEEBE (HUBDTN),1986,26,24,17
BEEBE (HUBDTN),1987,18,13,17
BEEBE (HUBDTN),1994,18.70000076,13.30000019,17
BEEBE (HUBDTN),1998,13.30000019,11,17
BEEBE (HUBDTN),2003,20.66666667,23.66666667,17
BEEBE (HUBDTN),2004,22,19,17
BEEBE (HUBDTN),2005,15.76666673,15.46666718,17
BEEBE (HUBDTN),2006,14.59999975,14.66666667,17
BEEBE (HUBDTN),2007,16.16666603,10.96666686,17
BEEBE (HUBDTN),2012,14.89999962,12.85000038,17
BEEBE (HUBDTN),2013,16.95000029,15.75,17
BERLIN,1983,7,7,8
BERLIN,1986,7,8,8
BERLIN,1987,10,8,8
BERLIN,1989,10,12,8
BERLIN,1990,8,6,8
BERLIN,1997,9.699999809,8.699999809,8
BERLIN,2005,9.9599998,7.863333225,8
BERLIN,2008,5.559999943,6.129999955,8
BIG,1982,7,7,9
BIG,1983,9,8,9
BIG,1984,7,8,9
BIG,1992,10,11,9
BIG,2000,11.69999981,12.69999981,9
BIG,2007,16.73333295,16.96666622,9
BIG,2008,9.586666425,8.886666616,9
BIG,2009,11.13333321,10.99999968,9
BIG,2018,10.33500004,9.904999733,9
BLACK (HUBDTN),1990,21,15,10
BLACK (HUBDTN),1991,9,10,10
BLACK (HUBDTN),1992,10,11,10
BLACK (HUBDTN),1993,16.70000076,15,10
BLACK (HUBDTN),1995,12.69999981,11.5,10
BLACK (HUBDTN),1998,13.30000019,15,10
BLACK (HUBDTN),2005,13.49999968,14.23333327,10
BLACK (HUBDTN),2006,24.03333282,17.13333321,10
BLACK (HUBDTN),2011,12.26000004,16.45000029,10
BLACK (HUBDTN),2014,9.168000031,7.559999943,10
BLACK (PLYMTH),1992,11,9,6
BLACK (PLYMTH),1993,8.699999809,8.300000191,6
BLACK (PLYMTH),1994,8.300000191,7.300000191,6
BLACK (PLYMTH),1995,8.300000191,8,6
BLACK (PLYMTH),2013,11.80000019,18.70000076,6
BLACK (PLYMTH),2014,7.139999866,8.340000153,6
BLISS,1981,20,23,10
BLISS,1982,26,14,10
BLISS,1983,23,19,10
BLISS,1989,19,20,10
BLISS,1997,18.70000076,14,10
BLISS,2004,,24.5,10
BLISS,2005,23.66666667,19.76666641,10
BLISS,2006,19.03333346,15.33333333,10
BLISS,2007,19.29999987,15.10000038,10
BLISS,2010,36.35000038,27.70000076,10
BLUEBERRY,1985,9,9,9
BLUEBERRY,1986,15,13,9
BLUEBERRY,1987,16,14,9
BLUEBERRY,1989,16,19,9
BLUEBERRY,1995,18.29999924,20,9
BLUEBERRY,2001,15.66666667,13.33333333,9
BLUEBERRY,2007,15.43333308,16.63333352,9
BLUEBERRY,2010,19.79999924,16.60000038,9
BLUEBERRY,2011,17.79999924,18.39999962,9
BOMOSEEN,1980,9,13,16
BOMOSEEN,1981,21,21,16
BOMOSEEN,1982,20,20,16
BOMOSEEN,1983,19,20,16
BOMOSEEN,1984,13,10,16
BOMOSEEN,1985,16,18,16
BOMOSEEN,1986,14,12,16
BOMOSEEN,1987,11,12,16
BOMOSEEN,1995,11.30000019,11.69999981,16
BOMOSEEN,1996,13.69999981,14.30000019,16
BOMOSEEN,1998,15.30000019,14.69999981,16
BOMOSEEN,2004,13,12,16
BOMOSEEN,2007,8.023333232,8.073333422,16
BOMOSEEN,2008,12.03333314,9.386666616,16
BOMOSEEN,2011,9.855000019,10.50000024,16
BOMOSEEN,2019,12.5,12,16
BRANCH,2003,12,11,5
BRANCH,2005,10.26666673,12.4333334,5
BRANCH,2008,10.96666654,12.15333335,5
BRANCH,2013,12.74499989,10,5
BRANCH,2020,10.29999971,9.800000191,5
BROWNINGTON,1981,16,10,10
BROWNINGTON,1987,18,17,10
BROWNINGTON,1989,20,16,10
BROWNINGTON,1990,18,13,10
BROWNINGTON,1991,12,12,10
BROWNINGTON,1997,20,15.30000019,10
BROWNINGTON,2002,16.66666667,16.33333333,10
BROWNINGTON,2004,17,17,10
BROWNINGTON,2005,17.13333321,14.39999994,10
BROWNINGTON,2007,19.29999987,17.9333334,10
BUCK,1986,7,7,9
BUCK,1987,7,7,9
BUCK,1988,7,6,9
BUCK,1990,10,13,9
BUCK,2000,7,5.300000191,9
BUCK,2006,10.15333335,8.613333384,9
BUCK,2010,8.587500095,8.934999943,9
BUCK,2011,10.60000038,9.964999676,9
BUCK,2018,10.07500029,9.06000042,9
BURR (SUDBRY),1980,8,9,15
BURR (SUDBRY),1981,17,15,15
BURR (SUDBRY),1982,7,6,15
BURR (SUDBRY),1983,10,10,15
BURR (SUDBRY),1984,14,8,15
BURR (SUDBRY),1985,9,8,15
BURR (SUDBRY),1986,8,7,15
BURR (SUDBRY),1987,9,9,15
BURR (SUDBRY),1994,8,7.300000191,15
BURR (SUDBRY),1996,10,9,15
BURR (SUDBRY),1998,10,8,15
BURR (SUDBRY),2002,9.666666667,10,15
BURR (SUDBRY),2004,21,11.66666667,15
BURR (SUDBRY),2010,14.44999981,,15
BURR (SUDBRY),2019,13,11,15
CARMI,1980,,17,25
CARMI,1981,21,26,25
CARMI,1982,31,34,25
CARMI,1983,33,30,25
CARMI,1984,27,23,25
CARMI,1985,28,24,25
CARMI,1986,22,22,25
CARMI,1987,30,25,25
CARMI,1994,27.29999924,26.29999924,25
CARMI,1995,23,23.29999924,25
CARMI,1996,27,27,25
CARMI,1997,29,26.29999924,25
CARMI,1998,26.29999924,24,25
CARMI,1999,26.29999924,28,25
CARMI,2000,26.29999924,24.70000076,25
CARMI,2001,26.33333333,28,25
CARMI,2002,22.33333333,28.33333333,25
CARMI,2007,22.43333308,24.5,25
CARMI,2009,34.40000025,31.56666692,25
CARMI,2012,27.85000038,24.30000019,25
CARMI,2013,30.92916656,30.44999981,25
CARMI,2014,31.63636329,30.59999943,25
CARMI,2015,28.35000038,25.77499962,25
CARMI,2016,23.25,21.70000076,25
CARMI,2018,24.35000038,41.5,25
CASPIAN,1980,6,5,15
CASPIAN,1981,5,5,15
CASPIAN,1982,7,7,15
CASPIAN,1983,7,12,15
CASPIAN,1984,6,6,15
CASPIAN,1985,8,7,15
CASPIAN,1986,9,8,15
CASPIAN,1987,6,7,15
CASPIAN,1994,5.300000191,5,15
CASPIAN,1996,5,5,15
CASPIAN,1999,5.699999809,8.699999809,15
CASPIAN,2005,7.623333295,6.705000162,15
CASPIAN,2007,8.120000045,7.49666659,15
CASPIAN,2008,8.103333473,7.379999955,15
CASPIAN,2018,9.034999847,9.315000057,15
CEDAR,1980,16,12,16
CEDAR,1981,24,24,16
CEDAR,1982,20,19,16
CEDAR,1983,14,14,16
CEDAR,1984,15,16,16
CEDAR,1985,19,19,16
CEDAR,1986,19,13,16
CEDAR,1987,15,11,16
CEDAR,1994,12,11.69999981,16
CEDAR,1996,15,13.69999981,16
CEDAR,1997,13.69999981,12,16
CEDAR,1998,13.69999981,12,16
CEDAR,2002,15,15,16
CEDAR,2003,17.33333333,16.33333333,16
CEDAR,2005,11.4333334,12.19999981,16
CEDAR,2011,15.19999981,15.80000019,16
CENTER,1982,6,5,11
CENTER,1984,7,8,11
CENTER,1988,5,5,11
CENTER,1989,5,5,11
CENTER,1995,5,5,11
CENTER,2001,5.666666667,5.333333333,11
CENTER,2005,8.606666565,8.153333346,11
CENTER,2006,9.906666756,9.089999835,11
CENTER,2007,7.879999955,7.769999981,11
CENTER,2008,8.23333327,8.936666489,11
CENTER,2010,7.735000134,7.355000019,11
CHANDLER,1991,7,6,8
CHANDLER,1992,11,10,8
CHANDLER,1993,10.69999981,12.30000019,8
CHANDLER,1994,7.5,6.699999809,8
CHANDLER,1999,8,9,8
CHANDLER,2000,5.699999809,6.300000191,8
CHANDLER,2006,9.210000038,9.053333282,8
CHANDLER,2010,11,10.19999981,8
CHARLESTON,1992,11,11,6
CHARLESTON,1993,13,12.30000019,6
CHARLESTON,1994,7.699999809,8,6
CHARLESTON,1995,11.69999981,11,6
CHARLESTON,2002,9,9.666666667,6
CHARLESTON,2013,11.51250005,11.04999971,6
CHIPMAN,1995,6.699999809,6.300000191,6
CHIPMAN,1997,18.29999924,9.699999809,6
CHIPMAN,1999,8,8,6
CHIPMAN,2001,5.666666667,5.333333333,6
CHIPMAN,2005,14.30000019,14.43333371,6
CHIPMAN,2011,9.779999733,9.920000076,6
CHITTENDEN,1985,11,13,14
CHITTENDEN,1987,12,12,14
CHITTENDEN,1989,15,15,14
CHITTENDEN,1990,12,9,14
CHITTENDEN,1996,13,14,14
CHITTENDEN,1997,12.69999981,12.30000019,14
CHITTENDEN,2001,32.66666667,31,14
CHITTENDEN,2002,13.33333333,15.66666667,14
CHITTENDEN,2003,38.33333333,38.66666667,14
CHITTENDEN,2004,24,27.66666667,14
CHITTENDEN,2005,15.29999987,13.36666648,14
CHITTENDEN,2006,18.73333359,17.53333346,14
CHITTENDEN,2011,11.20000029,12.4000001,14
CHITTENDEN,2016,29.05000067,11.94999981,14
CLYDE,1992,18,15,7
CLYDE,1993,15,14.30000019,7
CLYDE,1994,13,11,7
CLYDE,1999,12,12,7
CLYDE,2005,13.63333321,16.96666686,7
CLYDE,2007,12.93333308,12.33333333,7
CLYDE,2008,13.89999994,15.16666635,7
COGGMAN,1980,65,81,8
COGGMAN,1988,104,106,8
COGGMAN,1992,69,66,8
COGGMAN,1994,65,60,8
COGGMAN,1999,90.30000305,90.30000305,8
COGGMAN,2004,58,57,8
COGGMAN,2008,59.26666641,67.43333435,8
COGGMAN,2013,71.19999695,78,8
COITS,1990,7,11,7
COITS,1991,8,8,7
COITS,1992,16,12,7
COITS,1999,5.699999809,6,7
COITS,2005,9.5,10.01333364,7
COITS,2010,15.30000019,12.30000019,7
COITS,2011,11.60000038,14.19999981,7
COLBY,1982,12,12,6
COLBY,1989,14,13,6
COLBY,1990,10,8,6
COLBY,2000,8,7.300000191,6
COLBY,2007,10.89999994,10.5666666,6
COLBY,2014,11.19999981,9.069999695,6
COLCHESTER,1990,38,35,7
COLCHESTER,1991,26,30,7
COLCHESTER,1992,38,49,7
COLCHESTER,1993,34,38.70000076,7
COLCHESTER,1999,31.29999924,36.29999924,7
COLCHESTER,2005,34.86666743,34.73333359,7
COLCHESTER,2006,38.20000076,49.19999949,7
COLE,1981,6,5,11
COLE,1983,7,12,11
COLE,1984,7,6,11
COLE,1986,12,12,11
COLE,1989,12,12,11
COLE,1995,6,8.699999809,11
COLE,1996,9.699999809,9.699999809,11
COLE,1998,7.300000191,8.699999809,11
COLE,2000,9,8.699999809,11
COLE,2006,13.13333321,13.63333321,11
COLE,2011,8.960000038,8.680000305,11
COLES,1987,8,7,8
COLES,1988,9,11,8
COLES,1989,14,14,8
COLES,1990,9,12,8
COLES,1997,6.699999809,5,8
COLES,1999,8,7,8
COLES,2005,8.746666908,8.936666489,8
COLES,2010,8.869999886,8.744999886,8
COLTON,1981,9,10,11
COLTON,1985,9,10,11
COLTON,1987,9,9,11
COLTON,1989,17,18,11
COLTON,1990,14,12,11
COLTON,1996,11.30000019,14.30000019,11
COLTON,2000,9.300000191,10,11
COLTON,2001,10.66666667,10.66666667,11
COLTON,2010,8.529999733,7.949999809,11
COLTON,2011,12.69999981,12.60000038,11
COLTON,2012,13.89999962,13.19999981,11
CRYSTAL (BARTON),1980,5,5,11
CRYSTAL (BARTON),1983,6,7,11
CRYSTAL (BARTON),1984,5,5,11
CRYSTAL (BARTON),1985,5,6,11
CRYSTAL (BARTON),1995,5,5,11
CRYSTAL (BARTON),1998,5,5,11
CRYSTAL (BARTON),2003,6,6,11
CRYSTAL (BARTON),2004,6,5.333333333,11
CRYSTAL (BARTON),2006,7.706666629,7.903333346,11
CRYSTAL (BARTON),2007,9.619999886,7.650000095,11
CRYSTAL (BARTON),2008,7.726666609,7.196666559,11
CURTIS,1980,8,8,16
CURTIS,1981,17,17,16
CURTIS,1983,19,28,16
CURTIS,1984,19,15,16
CURTIS,1985,21,14,16
CURTIS,1986,24,27,16
CURTIS,1987,21,23,16
CURTIS,1993,23,17,16
CURTIS,1995,17.70000076,23.70000076,16
CURTIS,2001,31,22.66666667,16
CURTIS,2004,19.66666667,25.66666667,16
CURTIS,2005,26.96666718,24,16
CURTIS,2006,19.56666629,28.16666667,16
CURTIS,2008,24.66666667,20.90000025,16
CURTIS,2010,21.62500024,18,16
CURTIS,2012,18.15000057,18.74999952,16
DANBY,1992,8,9,13
DANBY,1994,6.699999809,6.699999809,13
DANBY,1995,5,5.300000191,13
DANBY,1997,11,7.699999809,13
DANBY,2000,10.69999981,9.300000191,13
DANBY,2001,11.66666667,11.66666667,13
DANBY,2004,11.66666667,14,13
DANBY,2005,11.96666654,12.33333333,13
DANBY,2008,28.20000013,30.00000064,13
DANBY,2010,12,12.10000038,13
DANBY,2011,16.5,14.60000038,13
DANBY,2012,18.39999962,15,13
DANBY,2016,18.70000076,17.29999924,13
DANIELS,1980,12,12,6
DANIELS,1988,14,10,6
DANIELS,1989,14,15,6
DANIELS,1995,13.69999981,14,6
DANIELS,2001,17,15,6
DANIELS,2002,9.333333333,10.33333333,6
DERBY,1981,5,11,11
DERBY,1982,16,15,11
DERBY,1983,25,24,11
DERBY,1984,8,8,11
DERBY,1985,20,18,11
DERBY,1986,13,15,11
DERBY,1994,7.300000191,7.699999809,11
DERBY,1999,12.30000019,10,11
DERBY,2000,13.30000019,12.69999981,11
DERBY,2004,9.666666667,9,11
DERBY,2007,14.59999975,10.6266667,11
DUNMORE,1980,5,5,20
DUNMORE,1981,6,6,20
DUNMORE,1982,12,10,20
DUNMORE,1983,7,9,20
DUNMORE,1984,8,8,20
DUNMORE,1985,7,7,20
DUNMORE,1986,8,7,20
DUNMORE,1987,9,7,20
DUNMORE,1995,7.5,6,20
DUNMORE,1996,8.300000191,7.300000191,20
DUNMORE,1998,8,6.699999809,20
DUNMORE,1999,6,7,20
DUNMORE,2000,7.699999809,9,20
DUNMORE,2004,11.66666667,10,20
DUNMORE,2005,7.846666654,7.223333359,20
DUNMORE,2008,7.296666622,8.01666673,20
DUNMORE,2009,8.789999644,8.403333346,20
DUNMORE,2011,8.744999886,8.890000343,20
DUNMORE,2016,10.55250001,10.28499985,20
DUNMORE,2019,11,11,20
EAST LONG,1988,9,8,8
EAST LONG,1989,9,7,8
EAST LONG,1990,11,11,8
EAST LONG,1991,7,8,8
EAST LONG,1997,10,7.300000191,8
EAST LONG,1998,5.300000191,5.699999809,8
EAST LONG,2000,7.300000191,7.699999809,8
EAST LONG,2007,10.40000025,11.80000019,8
ECHO (CHARTN),1980,7,7,16
ECHO (CHARTN),1981,7,8,16
ECHO (CHARTN),1982,10,8,16
ECHO (CHARTN),1983,7,6,16
ECHO (CHARTN),1984,8,8,16
ECHO (CHARTN),1985,9,9,16
ECHO (CHARTN),1986,9,7,16
ECHO (CHARTN),1987,8,9,16
ECHO (CHARTN),1994,8.300000191,11,16
ECHO (CHARTN),2000,6,8.300000191,16
ECHO (CHARTN),2001,7.333333333,7.333333333,16
ECHO (CHARTN),2002,6,7,16
ECHO (CHARTN),2003,9.666666667,11.33333333,16
ECHO (CHARTN),2004,7.333333333,7,16
ECHO (CHARTN),2006,9.673333486,10.83333333,16
ECHO (CHARTN),2007,8.106666724,8.846666336,16
ECHO (HUBDTN),1982,24,27,8
ECHO (HUBDTN),1983,12,17,8
ECHO (HUBDTN),1986,20,17,8
ECHO (HUBDTN),1989,17,17,8
ECHO (HUBDTN),1995,8.699999809,8,8
ECHO (HUBDTN),1998,8.699999809,9.300000191,8
ECHO (HUBDTN),2002,10,14,8
ECHO (HUBDTN),2010,11.69200001,13.5,8
ECHO (PLYMTH),1980,8,7,10
ECHO (PLYMTH),1983,12,13,10
ECHO (PLYMTH),1985,7,6,10
ECHO (PLYMTH),1995,5,5,10
ECHO (PLYMTH),1998,5.699999809,5.699999809,10
ECHO (PLYMTH),2000,6,6.300000191,10
ECHO (PLYMTH),2007,9.97999986,9.166666667,10
ECHO (PLYMTH),2009,8.116666794,7.703333378,10
ECHO (PLYMTH),2012,18.91428566,16.62499952,10
ECHO (PLYMTH),2013,19.75,16.44999981,10
EDEN,1981,5,5,9
EDEN,1982,10,8,9
EDEN,1983,9,9,9
EDEN,1989,9,10,9
EDEN,1994,5.699999809,6,9
EDEN,1998,6,5,9
EDEN,2001,8,8.666666667,9
EDEN,2007,13.66666667,12.79999987,9
EDEN,2009,10.5,10.66666667,9
ELFIN,1981,17,18,9
ELFIN,1983,11,10,9
ELFIN,1984,16,18,9
ELFIN,1985,16,17,9
ELFIN,1989,18,19,9
ELFIN,1996,13,10,9
ELFIN,2004,17,17.33333333,9
ELFIN,2007,18.64999962,22.29999987,9
ELFIN,2016,21.77999992,13.89999962,9
ELLIGO,1984,5,5,12
ELLIGO,1987,6,6,12
ELLIGO,1988,6,7,12
ELLIGO,1989,9,7,12
ELLIGO,1995,5.699999809,6,12
ELLIGO,2000,7,7.699999809,12
ELLIGO,2004,5.666666667,6,12
ELLIGO,2006,8.923333168,8.799999873,12
ELLIGO,2007,8.726666768,8.256666819,12
ELLIGO,2009,9.133333206,9.073333422,12
ELLIGO,2010,7.911428554,7.765000105,12
ELLIGO,2014,7.733928493,7.889091015,12
ELMORE,1980,10,10,17
ELMORE,1981,16,14,17
ELMORE,1982,14,12,17
ELMORE,1983,15,13,17
ELMORE,1984,10,11,17
ELMORE,1985,12,12,17
ELMORE,1986,10,10,17
ELMORE,1987,12,14,17
ELMORE,1988,12,12,17
ELMORE,1989,19,13,17
ELMORE,1990,10,15,17
ELMORE,1995,13.69999981,14.69999981,17
ELMORE,1996,10.30000019,10.69999981,17
ELMORE,2001,13,14,17
ELMORE,2004,16,15.33333333,17
ELMORE,2007,14.26666673,14.13333321,17
ELMORE,2008,16.03333314,15.53333314,17
EMERALD,1989,16,6,6
EMERALD,1990,13,5,6
EMERALD,1997,11.30000019,6.300000191,6
EMERALD,2002,11.5,5.666666667,6
EMERALD,2005,10.22333336,6.149999936,6
EMERALD,2011,7.487499952,,6
EWELL,1980,11,18,10
EWELL,1981,17,12,10
EWELL,1988,14,10,10
EWELL,1989,16,15,10
EWELL,1997,9.300000191,7,10
EWELL,1998,12.30000019,6.699999809,10
EWELL,2000,11.69999981,10.69999981,10
EWELL,2004,10,10,10
EWELL,2005,11.69999981,11.4333334,10
EWELL,2006,9.926666578,9.24666659,10
FAIRFIELD,1980,25,28,25
FAIRFIELD,1981,21,25,25
FAIRFIELD,1982,30,30,25
FAIRFIELD,1983,35,33,25
FAIRFIELD,1984,47,43,25
FAIRFIELD,1985,48,45,25
FAIRFIELD,1986,52,52,25
FAIRFIELD,1987,39,39,25
FAIRFIELD,1988,41,41,25
FAIRFIELD,1989,28,26,25
FAIRFIELD,1990,41,39,25
FAIRFIELD,1991,19,18,25
FAIRFIELD,1992,14,14,25
FAIRFIELD,1993,17.29999924,16.70000076,25
FAIRFIELD,1994,19.29999924,16.70000076,25
FAIRFIELD,1995,16.70000076,13.30000019,25
FAIRFIELD,1996,17.29999924,17.70000076,25
FAIRFIELD,1997,16,16.70000076,25
FAIRFIELD,1998,16.29999924,15.69999981,25
FAIRFIELD,1999,13.30000019,13.69999981,25
FAIRFIELD,2000,15.30000019,14.30000019,25
FAIRFIELD,2001,16,15.33333333,25
FAIRFIELD,2004,18.33333333,18.66666667,25
FAIRFIELD,2007,21.66666667,14.86666679,25
FAIRFIELD,2014,23.10000038,23.5,25
FAIRLEE,1980,8,9,15
FAIRLEE,1981,11,11,15
FAIRLEE,1982,16,14,15
FAIRLEE,1983,9,13,15
FAIRLEE,1984,9,10,15
FAIRLEE,1985,11,8,15
FAIRLEE,1986,11,13,15
FAIRLEE,1987,12,18,15
FAIRLEE,1996,11.69999981,11.30000019,15
FAIRLEE,1998,9.300000191,9,15
FAIRLEE,2004,18,14,15
FAIRLEE,2006,13.53333346,12.33333333,15
FAIRLEE,2007,15.83333302,11.76666673,15
FAIRLEE,2008,11.76666641,11.53333314,15
FAIRLEE,2009,15.73333359,14.99999968,15
FERN,1982,25,26,14
FERN,1983,16,10,14
FERN,1984,15,15,14
FERN,1985,11,10,14
FERN,1986,15,13,14
FERN,1994,17.70000076,9.300000191,14
FERN,1996,14.30000019,17.29999924,14
FERN,1997,8.699999809,8.699999809,14
FERN,2000,14,13,14
FERN,2004,13.33333333,12.66666667,14
FERN,2005,12.23333327,9.836666743,14
FERN,2006,15.39999994,9.893333117,14
FERN,2009,14.23333327,9.736666997,14
FERN,2011,10.85,11.44500017,14
FLAGG,1990,8,5,7
FLAGG,1991,9,10,7
FLAGG,1992,8,10,7
FLAGG,1994,8.300000191,9.699999809,7
FLAGG,2000,6.300000191,5.699999809,7
FLAGG,2006,13.70000013,12.70000013,7
FLAGG,2011,12.39999962,12.39999962,7
FOREST (AVERLL),1982,11,11,7
FOREST (AVERLL),1985,11,11,7
FOREST (AVERLL),1989,12,17,7
FOREST (AVERLL),1995,15,11,7
FOREST (AVERLL),2002,11,10.66666667,7
FOREST (AVERLL),2005,14.36666679,12.53333314,7
FOREST (AVERLL),2010,16.79999924,16.70000076,7
FOREST (CALAIS),1980,5,5,14
FOREST (CALAIS),1981,7,5,14
FOREST (CALAIS),1984,5,5,14
FOREST (CALAIS),1990,7,9,14
FOREST (CALAIS),1991,8,7,14
FOREST (CALAIS),1992,5,6,14
FOREST (CALAIS),1999,5.699999809,6,14
FOREST (CALAIS),2004,7.333333333,6.666666667,14
FOREST (CALAIS),2005,6.663333416,6.320000013,14
FOREST (CALAIS),2006,8.190000057,9.113333066,14
FOREST (CALAIS),2007,12.66666667,12.16666667,14
FOREST (CALAIS),2009,9.163333257,9.863333384,14
FOREST (CALAIS),2010,8.16785717,7.975000143,14
FOREST (CALAIS),2015,18.45384649,12.89999962,14
FOSTERS,1989,7,7,9
FOSTERS,1990,5,7,9
FOSTERS,1991,7,8,9
FOSTERS,1998,5.699999809,5,9
FOSTERS,2003,8.666666667,7.666666667,9
FOSTERS,2004,9,7.333333333,9
FOSTERS,2006,10.83333333,10.23333327,9
FOSTERS,2007,8.5,10.04000028,9
FOSTERS,2008,7.746666431,7.903333187,9
GALE MEADOWS,1980,10,6,7
GALE MEADOWS,1989,20,17,7
GALE MEADOWS,1995,15,9.699999809,7
GALE MEADOWS,1999,11.69999981,9.699999809,7
GALE MEADOWS,2000,11.69999981,7.300000191,7
GALE MEADOWS,2007,14.13333321,16.5,7
GALE MEADOWS,2016,12.60000038,11.89999962,7
GATES,1989,18,19,7
GATES,1992,15,16,7
GATES,1993,14.69999981,12.69999981,7
GATES,1999,10.69999981,12.30000019,7
GATES,2005,17.36666679,12.03333346,7
GATES,2006,13.73333359,14.23333359,7
GATES,2011,14.89999962,14.39999962,7
GILLETT,1989,11,13,12
GILLETT,1991,14,14,12
GILLETT,1992,6,5,12
GILLETT,1994,9,10,12
GILLETT,1996,9.699999809,7,12
GILLETT,1999,5,6,12
GILLETT,2004,7,7,12
GILLETT,2009,8.443333467,8.183333079,12
GILLETT,2010,11.89999962,10.39999962,12
GILLETT,2011,10.5,9.130000114,12
GILLETT,2014,13.80000019,14.19999981,12
GILLETT,2015,23.60000038,13.80000019,12
GLEN,1980,15,12,11
GLEN,1982,18,18,11
GLEN,1983,13,15,11
GLEN,1984,12,15,11
GLEN,1985,10,8,11
GLEN,1996,11,11.30000019,11
GLEN,1998,10.30000019,9,11
GLEN,2004,21.33333333,26,11
GLEN,2006,17.36666679,19.23333295,11
GLEN,2008,28.29999987,9.986666679,11
GLEN,2009,19.06666629,14.1500001,11
GREAT AVERILL,1980,5,5,15
GREAT AVERILL,1981,5,5,15
GREAT AVERILL,1982,6,5,15
GREAT AVERILL,1983,8,9,15
GREAT AVERILL,1984,11,7,15
GREAT AVERILL,1985,6,6,15
GREAT AVERILL,1986,6,6,15
GREAT AVERILL,1987,6,5,15
GREAT AVERILL,1996,5,5,15
GREAT AVERILL,2001,5,5,15
GREAT AVERILL,2006,8.76666673,8.376666387,15
GREAT AVERILL,2007,6.313333352,6.263333321,15
GREAT AVERILL,2008,7.25333341,6.933333397,15
GREAT AVERILL,2009,7.236666838,7.530000051,15
GREAT AVERILL,2015,9.34499979,9.755000114,15
GREAT HOSMER,1981,25,27,11
GREAT HOSMER,1982,26,25,11
GREAT HOSMER,1983,26,22,11
GREAT HOSMER,1984,23,24,11
GREAT HOSMER,1985,24,20,11
GREAT HOSMER,1990,23,22,11
GREAT HOSMER,1997,21,23.29999924,11
GREAT HOSMER,2002,16.25,21,11
GREAT HOSMER,2004,19,22,11
GREAT HOSMER,2007,20.63333321,19.63333384,11
GREAT HOSMER,2013,21.8499999,23.5999999,11
GREEN RIVER,1986,8,14,9
GREEN RIVER,1987,11,17,9
GREEN RIVER,1989,11,12,9
GREEN RIVER,1990,9,12,9
GREEN RIVER,1998,8.300000191,24,9
GREEN RIVER,1999,10,22,9
GREEN RIVER,2007,14.66666667,21.46666654,9
GREEN RIVER,2011,12.2249999,18.20000076,9
GREEN RIVER,2015,14.12500016,27.60000038,9
GREENWOOD,1980,8,22,12
GREENWOOD,1983,13,12,12
GREENWOOD,1988,19,18,12
GREENWOOD,1989,15,14,12
GREENWOOD,1990,22,21,12
GREENWOOD,1997,9,14,12
GREENWOOD,1998,11,15.30000019,12
GREENWOOD,2004,11.33333333,19,12
GREENWOOD,2005,9.166666667,17.20000013,12
GREENWOOD,2006,9.686666807,12.76666673,12
GREENWOOD,2010,10.18249965,13.59500027,12
GREENWOOD,2015,14.42499995,10.5,12
GROTON,1980,12,6,13
GROTON,1981,8,6,13
GROTON,1982,10,8,13
GROTON,1983,9,10,13
GROTON,1984,7,6,13
GROTON,1985,6,7,13
GROTON,1986,8,9,13
GROTON,1987,15,15,13
GROTON,1994,6.699999809,7.699999809,13
GROTON,1999,7,6.699999809,13
GROTON,2005,9.110000292,8.616666794,13
GROTON,2006,9.659999847,10.09000015,13
GROTON,2013,9.170000076,8.479999542,13
GROUT,1980,12,7,7
GROUT,1989,14,10,7
GROUT,1995,10,5,7
GROUT,2007,7.730000019,6.53333346,7
GROUT,2011,8.029999971,11.30000019,7
GROUT,2012,6.934999943,7.379999876,7
GROUT,2020,9.400000095,7.599999905,7
HALF MOON,1988,9,9,9
HALF MOON,1989,12,11,9
HALF MOON,1990,6,6,9
HALF MOON,1991,11,14,9
HALF MOON,1997,6,5,9
HALF MOON,1998,5,5,9
HALF MOON,1999,8.699999809,8.699999809,9
HALF MOON,2005,7.313333511,7.203333378,9
HALF MOON,2011,5.829999924,6.53000021,9
HALFMOON,1993,349.2999878,325.2999878,8
HALFMOON,1994,542.7000122,228,8
HALFMOON,1995,229.3000031,189.3000031,8
HALFMOON,1996,549.2999878,250,8
HALFMOON,1998,984.7000122,206.6999969,8
HALFMOON,2006,280.6666667,360.3333333,8
HALFMOON,2007,382,240,8
HALFMOON,2012,551.1666667,260,8
HALLS,1980,9,9,18
HALLS,1981,19,20,18
HALLS,1982,12,11,18
HALLS,1983,19,18,18
HALLS,1984,14,13,18
HALLS,1985,12,14,18
HALLS,1986,13,14,18
HALLS,1987,13,12,18
HALLS,1990,16,15,18
HALLS,1997,12,11.30000019,18
HALLS,2002,15,13.66666667,18
HALLS,2004,17.33333333,18.33333333,18
HALLS,2005,18.36666679,19.23333295,18
HALLS,2006,19.86666679,19.86666679,18
HALLS,2009,22.93333308,23.13333321,18
HALLS,2010,25.64999962,23.55000019,18
HALLS,2011,16.43333308,16.45000076,18
HALLS,2014,17.15000057,17.5,18
HARDWOOD,1995,17.70000076,14,5
HARDWOOD,1996,12.30000019,10,5
HARDWOOD,1998,14.30000019,15.30000019,5
HARDWOOD,2010,14.44999981,16.39999962,5
HARDWOOD,2011,12.30000019,12.39999962,5
HARVEYS,1980,17,13,27
HARVEYS,1981,16,25,27
HARVEYS,1982,15,16,27
HARVEYS,1983,13,15,27
HARVEYS,1984,13,11,27
HARVEYS,1985,13,13,27
HARVEYS,1986,10,11,27
HARVEYS,1987,11,12,27
HARVEYS,1988,10,11,27
HARVEYS,1989,16,16,27
HARVEYS,1990,9,9,27
HARVEYS,1991,11,12,27
HARVEYS,1992,9,9,27
HARVEYS,1993,9.5,11.30000019,27
HARVEYS,1994,9.300000191,8.300000191,27
HARVEYS,1995,11.30000019,10,27
HARVEYS,1997,8.300000191,7.699999809,27
HARVEYS,1998,8.300000191,7.800000191,27
HARVEYS,1999,10.69999981,11.30000019,27
HARVEYS,2000,11,11.69999981,27
HARVEYS,2001,10.33333333,10.33333333,27
HARVEYS,2002,8.333333333,8,27
HARVEYS,2004,11,10,27
HARVEYS,2005,13.13333352,10.62666639,27
HARVEYS,2006,11.60000006,11.16666667,27
HARVEYS,2007,14.76666673,15.40000025,27
HARVEYS,2009,11.26666673,10.66666667,27
HINKUM,1992,9,7,8
HINKUM,1994,9,9,8
HINKUM,1995,9,6.300000191,8
HINKUM,1996,10.30000019,8.699999809,8
HINKUM,1998,9.699999809,6.300000191,8
HINKUM,2003,19.33333333,19.33333333,8
HINKUM,2006,15.89999994,16.13333289,8
HINKUM,2013,13.90199995,13.75,8
HOLLAND,1982,7,10,21
HOLLAND,1983,8,9,21
HOLLAND,1985,7,7,21
HOLLAND,1986,8,8,21
HOLLAND,1994,5.300000191,5,21
HOLLAND,1995,8,8.300000191,21
HOLLAND,1998,7,7,21
HOLLAND,1999,8.699999809,7.300000191,21
HOLLAND,2003,7,6.333333333,21
HOLLAND,2007,8.726666768,9.146666527,21
HOLLAND,2009,8.363333066,8.100000223,21
HOLLAND,2010,9.46999979,9.404999971,21
HOLLAND,2012,10.70000029,10.24500036,21
HOLLAND,2013,9.669999599,9.784999847,21
HOLLAND,2014,14.1500001,9.980000019,21
HOLLAND,2015,13.6545457,11.25,21
HOLLAND,2016,10.13999987,9.630000114,21
HOLLAND,2017,10.41499996,10.33500004,21
HOLLAND,2018,9.224999905,8.205000162,21
HOLLAND,2019,10,9,21
HOLLAND,2020,9.150000095,10.1500001,21
HORSE,1985,8,8,5
HORSE,1987,12,11,5
HORSE,1989,11,12,5
HORSE,1990,5,5,5
HORSE,1992,12,11,5
HORTONIA,1980,11,11,21
HORTONIA,1981,19,12,21
HORTONIA,1982,20,19,21
HORTONIA,1983,15,15,21
HORTONIA,1984,12,11,21
HORTONIA,1985,12,12,21
HORTONIA,1986,16,16,21
HORTONIA,1987,14,13,21
HORTONIA,1994,14.69999981,11,21
HORTONIA,1995,14.30000019,10,21
HORTONIA,1996,17,10,21
HORTONIA,1998,14.30000019,10.30000019,21
HORTONIA,1999,14.69999981,15.30000019,21
HORTONIA,2000,19,13,21
HORTONIA,2002,19,12.66666667,21
HORTONIA,2004,22,16,21
HORTONIA,2005,20.93333308,13.96666654,21
HORTONIA,2006,17.20000076,17.73333295,21
HORTONIA,2007,17.53333346,14.73333359,21
HORTONIA,2009,19.86666679,12.20000013,21
HORTONIA,2019,21,14,21
HOWE,1992,9,11,10
HOWE,1993,10.30000019,9.300000191,10
HOWE,1994,6.699999809,8.699999809,10
HOWE,1995,12.30000019,11.30000019,10
HOWE,2002,14.5,9.666666667,10
HOWE,2007,14.4333334,13.70000013,10
HOWE,2008,12.30000019,14.13333321,10
HOWE,2009,12.90000025,12.89999994,10
HOWE,2011,8.149999619,12.76499987,10
HOWE,2016,8.75,8.869999886,10
INDIAN BROOK (ESSEX),1986,30,27,10
INDIAN BROOK (ESSEX),1987,25,19,10
INDIAN BROOK (ESSEX),1988,31,31,10
INDIAN BROOK (ESSEX),1989,19,20,10
INDIAN BROOK (ESSEX),1990,25,18,10
INDIAN BROOK (ESSEX),1997,17,17.29999924,10
INDIAN BROOK (ESSEX),1998,15,12.30000019,10
INDIAN BROOK (ESSEX),2000,18.29999924,18.70000076,10
INDIAN BROOK (ESSEX),2009,16.76666705,18.06666692,10
INDIAN BROOK (ESSEX),2011,14.9749999,15.04999971,10
IROQUOIS,1980,30,28,27
IROQUOIS,1981,33,31,27
IROQUOIS,1982,34,36,27
IROQUOIS,1983,26,25,27
IROQUOIS,1984,26,27,27
IROQUOIS,1985,29,26,27
IROQUOIS,1986,26,25,27
IROQUOIS,1987,30,29,27
IROQUOIS,1988,31,25,27
IROQUOIS,1989,40,40,27
IROQUOIS,1990,30,31,27
IROQUOIS,1991,23,22,27
IROQUOIS,1992,34,31,27
IROQUOIS,1993,28.29999924,28.29999924,27
IROQUOIS,1994,41.70000076,39.70000076,27
IROQUOIS,1995,25.70000076,25,27
IROQUOIS,1996,46.70000076,48.29999924,27
IROQUOIS,1997,13.69999981,13.30000019,27
IROQUOIS,1998,26,26,27
IROQUOIS,1999,20,18.70000076,27
IROQUOIS,2000,22.70000076,22,27
IROQUOIS,2001,22.33333333,20.66666667,27
IROQUOIS,2002,15.66666667,17.33333333,27
IROQUOIS,2004,27.66666667,24.33333333,27
IROQUOIS,2006,32.26666705,27.40000025,27
IROQUOIS,2009,27.60000038,28.26666641,27
IROQUOIS,2018,20.15999985,17.70000076,27
ISLAND,1980,8,7,14
ISLAND,1981,6,6,14
ISLAND,1982,8,10,14
ISLAND,1983,10,10,14
ISLAND,1984,10,8,14
ISLAND,1985,10,11,14
ISLAND,1986,9,9,14
ISLAND,1987,8,9,14
ISLAND,1995,7.300000191,5.300000191,14
ISLAND,2001,6,9,14
ISLAND,2004,10.66666667,8.333333333,14
ISLAND,2007,7.513333162,8.183333397,14
ISLAND,2008,9.71333313,9.746666272,14
ISLAND,2009,13.39999962,11.00000032,14
JACKSONVILLE,1992,9,9,6
JACKSONVILLE,1994,9,8.300000191,6
JACKSONVILLE,1997,7.300000191,7.300000191,6
JACKSONVILLE,2002,8,8,6
JACKSONVILLE,2006,12.76666673,17.23333359,6
JACKSONVILLE,2011,15,13.80000019,6
JOBS,1982,6,6,13
JOBS,1984,7,6,13
JOBS,1986,8,7,13
JOBS,1987,6,6,13
JOBS,1988,5,5,13
JOBS,1990,7,5,13
JOBS,1996,5,5,13
JOBS,2000,11.5,8.300000191,13
JOBS,2005,7.853333314,6.893333276,13
JOBS,2006,11.33333333,9.573333422,13
JOBS,2007,8.703333378,8.589999994,13
JOBS,2009,9.316666603,7.853333314,13
JOBS,2017,7.889999866,8.599999905,13
JOES (DANVLL),1980,5,8,20
JOES (DANVLL),1981,5,5,20
JOES (DANVLL),1982,7,7,20
JOES (DANVLL),1983,17,18,20
JOES (DANVLL),1984,5,7,20
JOES (DANVLL),1985,8,8,20
JOES (DANVLL),1986,7,6,20
JOES (DANVLL),1987,6,7,20
JOES (DANVLL),1993,6.699999809,9.300000191,20
JOES (DANVLL),1994,6.300000191,5.699999809,20
JOES (DANVLL),1996,7,8.300000191,20
JOES (DANVLL),1998,6,8,20
JOES (DANVLL),2004,7.666666667,7.666666667,20
JOES (DANVLL),2005,11.33333302,10.83333333,20
JOES (DANVLL),2007,12.4333334,12.5666666,20
JOES (DANVLL),2008,9.113333384,9.24666659,20
JOES (DANVLL),2010,8.795000076,8.43999958,20
JOES (DANVLL),2013,9.154999733,9.699999809,20
JOES (DANVLL),2015,12,13.05000019,20
JOES (DANVLL),2019,9.5,8.5,20
KEISER,1981,5,6,15
KEISER,1982,10,6,15
KEISER,1983,15,10,15
KEISER,1984,7,5,15
KEISER,1985,7,7,15
KEISER,1986,8,8,15
KEISER,1987,10,10,15
KEISER,1993,12.30000019,9.300000191,15
KEISER,1994,11.30000019,9.699999809,15
KEISER,1999,10.30000019,6.300000191,15
KEISER,2004,8.666666667,11.66666667,15
KEISER,2005,11.39999994,11.16666698,15
KEISER,2010,8.660000086,8.954999924,15
KEISER,2011,10.96500015,12.30000019,15
KEISER,2012,6.975000143,7.949999809,15
KENT,1985,13,11,9
KENT,1987,12,10,9
KENT,1989,17,16,9
KENT,1995,5.300000191,7.699999809,9
KENT,1998,7,6,9
KENT,2004,22,,9
KENT,2005,10,8.543333371,9
KENT,2011,12.24999976,11.5,9
KENT,2012,11.30000019,11.60000038,9
KETTLE,1989,11,8,8
KETTLE,1990,7,6,8
KETTLE,1991,9,10,8
KETTLE,1992,8,7,8
KETTLE,1996,6,6,8
KETTLE,2002,12.66666667,11.33333333,8
KETTLE,2010,10.69999981,9.710000038,8
KETTLE,2011,15.90000057,11.80000019,8
KNAPP BROOK #1,1992,11,12,7
KNAPP BROOK #1,1996,6.300000191,6.300000191,7
KNAPP BROOK #1,1998,8,6.300000191,7
KNAPP BROOK #1,2003,9.666666667,8.333333333,7
KNAPP BROOK #1,2008,6.230000019,6.526666641,7
KNAPP BROOK #1,2011,9.859999657,11,7
KNAPP BROOK #1,2012,12.30000019,12.5,7
KNAPP BROOK #2,1992,15,13,7
KNAPP BROOK #2,1996,6,6,7
KNAPP BROOK #2,1998,9.300000191,7.300000191,7
KNAPP BROOK #2,2003,10.33333333,15,7
KNAPP BROOK #2,2007,14.39999994,9.643333435,7
KNAPP BROOK #2,2011,12,11.69999981,7
KNAPP BROOK #2,2012,13.89999962,14,7
LEFFERTS,1985,8,6,11
LEFFERTS,1988,7,5,11
LEFFERTS,1989,10,6,11
LEFFERTS,1990,19,16,11
LEFFERTS,1996,5.699999809,6.300000191,11
LEFFERTS,1997,6.300000191,5,11
LEFFERTS,2001,8.333333333,9.333333333,11
LEFFERTS,2002,11.33333333,11,11
LEFFERTS,2003,7.333333333,11.66666667,11
LEFFERTS,2010,6.920000076,8.609999657,11
LEFFERTS,2011,10.89999962,8.149999619,11
LEVI,1987,8,8,8
LEVI,1991,8,9,8
LEVI,1992,11,8,8
LEVI,1993,12.69999981,11.30000019,8
LEVI,2002,11.33333333,9,8
LEVI,2003,8.333333333,7.333333333,8
LEVI,2004,9,9.333333333,8
LEVI,2008,8.48333327,10.44666672,8
LILY (POULTY),1980,35,25,11
LILY (POULTY),1981,25,31,11
LILY (POULTY),1983,42,35,11
LILY (POULTY),1984,53,36,11
LILY (POULTY),1985,44,48,11
LILY (POULTY),1986,30,38,11
LILY (POULTY),1987,65,77,11
LILY (POULTY),1995,29.29999924,28.29999924,11
LILY (POULTY),1998,23,21.29999924,11
LILY (POULTY),2002,17.33333333,21.33333333,11
LILY (POULTY),2010,21.39999962,13,11
LILY (VERNON),1981,17,22,9
LILY (VERNON),1982,10,10,9
LILY (VERNON),1989,12,16,9
LILY (VERNON),1990,10,9,9
LILY (VERNON),1993,10.30000019,8,9
LILY (VERNON),1999,12.69999981,11.69999981,9
LILY (VERNON),2005,16.06666629,8.996666908,9
LILY (VERNON),2008,13.83333333,9.629999955,9
LILY (VERNON),2012,15.60000038,21.60000038,9
LITTLE (WELLS),1980,8,8,13
LITTLE (WELLS),1983,15,14,13
LITTLE (WELLS),1984,12,11,13
LITTLE (WELLS),1985,11,11,13
LITTLE (WELLS),1986,16,16,13
LITTLE (WELLS),1987,22,17,13
LITTLE (WELLS),1994,10,8.699999809,13
LITTLE (WELLS),1998,13,14.69999981,13
LITTLE (WELLS),2002,12.33333333,11.33333333,13
LITTLE (WELLS),2008,8.120000045,9.009999911,13
LITTLE (WELLS),2009,11.86666648,11.4333334,13
LITTLE (WELLS),2012,12.5,10.60000038,13
LITTLE (WELLS),2016,10.80000019,10.5,13
LITTLE AVERILL,1980,5,5,14
LITTLE AVERILL,1984,5,5,14
LITTLE AVERILL,1985,5,5,14
LITTLE AVERILL,1986,5,5,14
LITTLE AVERILL,1995,5,5,14
LITTLE AVERILL,2002,5,5,14
LITTLE AVERILL,2008,5.916666667,5.509999911,14
LITTLE AVERILL,2009,5.923333327,5.803333441,14
LITTLE AVERILL,2010,8.100000143,8.174999714,14
LITTLE AVERILL,2011,6.61500001,7.234999895,14
LITTLE AVERILL,2012,7.265000105,8.180000067,14
LITTLE AVERILL,2014,15.44999981,9.980000019,14
LITTLE AVERILL,2015,9.448749892,8.639999866,14
LITTLE AVERILL,2016,5,5.194999933,14
LITTLE HOSMER,1984,9,10,13
LITTLE HOSMER,1986,9,10,13
LITTLE HOSMER,1987,11,12,13
LITTLE HOSMER,1989,10,10,13
LITTLE HOSMER,1995,9,10.30000019,13
LITTLE HOSMER,2000,18,11.69999981,13
LITTLE HOSMER,2006,12.76666641,11.46666654,13
LITTLE HOSMER,2007,11.29999987,12.83333333,13
LITTLE HOSMER,2012,13.80000019,10.5,13
LITTLE HOSMER,2013,9.75,8.840000153,13
LITTLE HOSMER,2014,9.43999958,9.039999962,13
LITTLE HOSMER,2015,13.69999981,11.5,13
LITTLE HOSMER,2016,11.10000038,10.69999981,13
LONG (EDEN),1990,9,8,8
LONG (EDEN),1991,17,17,8
LONG (EDEN),1992,16,19,8
LONG (EDEN),1994,8,7.300000191,8
LONG (EDEN),1998,15.30000019,12.30000019,8
LONG (EDEN),2000,11.30000019,10,8
LONG (EDEN),2001,16.5,13.5,8
LONG (EDEN),2007,13.5666666,16.0666666,8
LONG (GRNSBO),1991,13,14,12
LONG (GRNSBO),1993,15,13.30000019,12
LONG (GRNSBO),1997,13.30000019,13,12
LONG (GRNSBO),1998,12,11.69999981,12
LONG (GRNSBO),2003,16,12,12
LONG (GRNSBO),2006,17.73333295,18.09999975,12
LONG (GRNSBO),2007,18.16666667,19.1666673,12
LONG (GRNSBO),2012,18.69999981,16.35000038,12
LONG (GRNSBO),2013,13.7249999,14.3499999,12
LONG (GRNSBO),2014,14.32500005,12.19999981,12
LONG (GRNSBO),2015,15.85000038,13.30000019,12
LONG (GRNSBO),2016,16.52499986,19.39999962,12
LONG (MILTON),1980,24,20,6
LONG (MILTON),1989,30,34,6
LONG (MILTON),1992,25,24,6
LONG (MILTON),1993,27.70000076,31,6
LONG (MILTON),2000,33.70000076,28.70000076,6
LONG (MILTON),2007,32.8333327,29.73333359,6
LONG (WESTMR),1980,5,6,17
LONG (WESTMR),1983,7,6,17
LONG (WESTMR),1985,6,6,17
LONG (WESTMR),1989,5,5,17
LONG (WESTMR),1990,5,5,17
LONG (WESTMR),1997,6.699999809,7.699999809,17
LONG (WESTMR),2002,10.33333333,9.333333333,17
LONG (WESTMR),2004,9.333333333,7.666666667,17
LONG (WESTMR),2005,8.123333295,8.023333391,17
LONG (WESTMR),2006,9.859999975,9.049999873,17
LONG (WESTMR),2007,8.51666673,8.556666692,17
LONG (WESTMR),2009,12.23333327,11.73333327,17
LONG (WESTMR),2010,13,13.19999981,17
LONG (WESTMR),2012,11.82999992,8.84499979,17
LONG (WESTMR),2014,9.775000095,10.06500006,17
LONG (WESTMR),2015,12.81272715,12.10000038,17
LONG (WESTMR),2018,9.487999868,9.779999733,17
LOVES MARSH,1991,14,13,5
LOVES MARSH,1992,12,13,5
LOVES MARSH,1993,9.300000191,11.30000019,5
LOVES MARSH,2001,12,14,5
LOVES MARSH,2011,9.210000038,10.69999981,5
LOWELL,1981,7,5,11
LOWELL,1986,11,13,11
LOWELL,1987,11,17,11
LOWELL,1990,9,9,11
LOWELL,1991,12,12,11
LOWELL,1997,9,8.300000191,11
LOWELL,2002,9.333333333,9.333333333,11
LOWELL,2006,19.23333359,12.66666635,11
LOWELL,2011,13.0999999,12.95000029,11
LOWELL,2012,12.25,10.69999981,11
LOWELL,2016,11.20000029,12.4000001,11
LOWER,1987,17,22,7
LOWER,1988,22,17,7
LOWER,1989,22,31,7
LOWER,1995,23,15.69999981,7
LOWER,2001,27,24.66666667,7
LOWER,2010,16.79999924,17.39999962,7
LOWER,2016,12,12.69999981,7
LOWER SYMES,1990,21,16,10
LOWER SYMES,1991,10,11,10
LOWER SYMES,1992,18,18,10
LOWER SYMES,1993,13.69999981,14,10
LOWER SYMES,1994,9,8.300000191,10
LOWER SYMES,1999,9.699999809,10,10
LOWER SYMES,2005,17.03333314,13.96666654,10
LOWER SYMES,2007,10.79999987,11.03333314,10
LOWER SYMES,2008,9.280000051,8.4466664,10
LOWER SYMES,2010,11.69999981,10.80000019,10
LOWER WORCESTER,1992,22,13,6
LOWER WORCESTER,1994,11.30000019,10,6
LOWER WORCESTER,1995,12.30000019,11,6
LOWER WORCESTER,2001,16.33333333,15.33333333,6
LOWER WORCESTER,2010,18.29999924,14.39999962,6
LOWER WORCESTER,2011,12.5,12.69999981,6
LYFORD,1983,14,15,8
LYFORD,1984,9,9,8
LYFORD,1985,10,9,8
LYFORD,1986,6,7,8
LYFORD,1990,15,16,8
LYFORD,1997,7.300000191,8.300000191,8
LYFORD,2002,12.33333333,11.33333333,8
LYFORD,2010,20.55000019,11.10000038,8
MAIDSTONE,1980,5,5,18
MAIDSTONE,1982,5,5,18
MAIDSTONE,1983,7,8,18
MAIDSTONE,1984,5,5,18
MAIDSTONE,1985,6,5,18
MAIDSTONE,1986,6,6,18
MAIDSTONE,1987,6,6,18
MAIDSTONE,1999,5,5,18
MAIDSTONE,2003,5.333333333,6.666666667,18
MAIDSTONE,2005,6.119999886,6.073333263,18
MAIDSTONE,2006,7.620000045,8.343333244,18
MAIDSTONE,2007,6.306666692,6.916666667,18
MAIDSTONE,2008,6.070000013,6.326666673,18
MAIDSTONE,2009,7.640000184,6.940000057,18
MAIDSTONE,2010,9.950000286,8.605000019,18
MAIDSTONE,2011,7.025000095,7.650000095,18
MAIDSTONE,2017,7.654999971,7.835000038,18
MAIDSTONE,2018,5.75999999,7.845000029,18
MANSFIELD,1995,5.699999809,5.699999809,5
MANSFIELD,1997,6,7.300000191,5
MANSFIELD,2000,10,9.699999809,5
MANSFIELD,2007,9.486666361,9.196666718,5
MANSFIELD,2011,6.845000029,6.170000076,5
MARTINS,1981,15,15,8
MARTINS,1982,10,10,8
MARTINS,1983,11,11,8
MARTINS,1984,11,11,8
MARTINS,1985,9,10,8
MARTINS,1994,7,7.300000191,8
MARTINS,1998,8.300000191,8,8
MARTINS,2004,12,11,8
MAY,1988,10,11,9
MAY,1989,10,11,9
MAY,1990,11,11,9
MAY,1997,8,12,9
MAY,2002,10,13.33333333,9
MAY,2004,12.33333333,11.33333333,9
MAY,2007,14.46666654,15.13333321,9
MAY,2010,10.94999981,10.5,9
MAY,2012,11.19999981,12.39999986,9
MCALLISTER,1990,13,13,6
MCALLISTER,1991,16,15,6
MCALLISTER,1992,23,17,6
MCALLISTER,2000,11.30000019,11,6
MCALLISTER,2006,13.83333333,12.63333321,6
MCALLISTER,2018,11.19999981,13.5,6
MCCONNELL,1991,10,8,8
MCCONNELL,1992,15,8,8
MCCONNELL,1993,14.30000019,9.699999809,8
MCCONNELL,1994,7.300000191,7,8
MCCONNELL,2001,12.33333333,21.66666667,8
MCCONNELL,2008,12.03333346,11.19999981,8
MCCONNELL,2010,11.89999962,10.89999962,8
MCCONNELL,2015,16.45000029,16,8
MEMPHREMAGOG,2009,17.30000051,20.46666654,10
MEMPHREMAGOG,2010,16.70000038,15.7,10
MEMPHREMAGOG,2012,17.55000019,16.35000038,10
MEMPHREMAGOG,2013,16.88333384,18.07142857,10
MEMPHREMAGOG,2014,22.79999924,22.95000076,10
MEMPHREMAGOG,2015,23.05000019,18,10
MEMPHREMAGOG,2016,17.5,17.80000019,10
MEMPHREMAGOG,2017,16.75000048,16.90000057,10
MEMPHREMAGOG,2018,16.92500019,19.14999962,10
MEMPHREMAGOG,2019,18.5,17,10
METCALF,1981,9,9,11
METCALF,1983,13,12,11
METCALF,1984,8,8,11
METCALF,1985,9,9,11
METCALF,1986,9,8,11
METCALF,1993,11,10.30000019,11
METCALF,1996,9.699999809,9.300000191,11
METCALF,2000,10.30000019,10.69999981,11
METCALF,2005,9.76666673,10.30000019,11
METCALF,2006,14.16666667,13.5666666,11
METCALF,2011,11.32499981,10.94999981,11
MILES,1982,6,7,11
MILES,1983,8,8,11
MILES,1985,10,9,11
MILES,1986,12,8,11
MILES,1987,9,8,11
MILES,1995,8.300000191,7,11
MILES,2002,9,10.66666667,11
MILES,2005,12.0999999,12.30000019,11
MILES,2007,9.420000076,10.10999997,11
MILES,2010,13.94999981,13.3499999,11
MILES,2011,13.89999962,14.80000019,11
MILL (BENSON),1980,21,42,9
MILL (BENSON),1989,19,17,9
MILL (BENSON),1991,22,19,9
MILL (BENSON),1997,25,17,9
MILL (BENSON),1998,18,18,9
MILL (BENSON),2004,24.33333333,22.33333333,9
MILL (BENSON),2006,21.16666667,24.86666679,9
MILL (BENSON),2007,20.06666692,17.9666659,9
MILL (BENSON),2013,23.89999962,19.70000076,9
MILL (WINDSR),1980,17,20,10
MILL (WINDSR),1981,6,11,10
MILL (WINDSR),1982,11,12,10
MILL (WINDSR),1989,8,8,10
MILL (WINDSR),1990,10,5,10
MILL (WINDSR),1996,41,31,10
MILL (WINDSR),2001,12.33333333,12,10
MILL (WINDSR),2007,9.916666667,8.926666578,10
MILL (WINDSR),2008,7.313333193,6.470000108,10
MILL (WINDSR),2012,17.39999962,17.5,10
MILLER,1989,5,6,6
MILLER,1990,8,6,6
MILLER,1998,5.300000191,5.699999809,6
MILLER,2003,6.333333333,5.333333333,6
MILLER,2010,7.569999695,6.25,6
MILLER,2017,7.220000029,6.674999952,6
MIRROR,1980,12,8,12
MIRROR,1982,9,11,12
MIRROR,1984,9,8,12
MIRROR,1986,16,12,12
MIRROR,1987,14,11,12
MIRROR,1990,11,10,12
MIRROR,1997,11,23.70000076,12
MIRROR,2002,13.33333333,11,12
MIRROR,2004,10,10.33333333,12
MIRROR,2010,9.509999925,9.149999857,12
MIRROR,2015,26.58750033,12.80000019,12
MIRROR,2020,34.73333359,8.600000381,12
MITCHELL,1980,5,5,6
MITCHELL,1989,7,7,6
MITCHELL,1992,7,6,6
MITCHELL,1999,5.300000191,5.300000191,6
MITCHELL,2001,8,6.666666667,6
MITCHELL,2011,8.349999905,8.460000038,6
MOLLYS,1994,11,16.29999924,5
MOLLYS,1999,22,22.70000076,5
MOLLYS,2000,20.29999924,20,5
MOLLYS,2001,13,17.5,5
MOLLYS,2010,19,19.70000076,5
MOLLYS FALLS,1990,13,11,10
MOLLYS FALLS,1995,15,14,10
MOLLYS FALLS,1998,12,12.69999981,10
MOLLYS FALLS,2002,16,18.33333333,10
MOLLYS FALLS,2003,13.33333333,14.33333333,10
MOLLYS FALLS,2008,12.83333333,17.40000025,10
MOLLYS FALLS,2010,13.29999971,13.79999971,10
MOLLYS FALLS,2011,15.60000038,17.45000076,10
MOLLYS FALLS,2015,15.75,15.5,10
MOLLYS FALLS,2016,11.6500001,13.79999971,10
MOREY,1980,20,22,30
MOREY,1981,57,36,30
MOREY,1982,54,40,30
MOREY,1983,38,41,30
MOREY,1984,39,38,30
MOREY,1985,60,56,30
MOREY,1986,41,39,30
MOREY,1987,8,10,30
MOREY,1988,14,11,30
MOREY,1989,19,16,30
MOREY,1990,18,17,30
MOREY,1991,13,13,30
MOREY,1992,12,9,30
MOREY,1993,13.30000019,12.69999981,30
MOREY,1995,11,8.300000191,30
MOREY,1996,10.30000019,12.30000019,30
MOREY,1997,12.69999981,10.69999981,30
MOREY,1998,10.69999981,11.30000019,30
MOREY,2002,12,9.333333333,30
MOREY,2003,15,18,30
MOREY,2004,14,14,30
MOREY,2005,11.53333346,12.69999981,30
MOREY,2007,14.39999994,13.59999975,30
MOREY,2008,13.19999981,11.13666662,30
MOREY,2009,18.39999962,17.40000057,30
MOREY,2010,15.09999943,65,30
MOREY,2013,15.5,16.20000029,30
MOREY,2015,11.91538444,13.3499999,30
MOREY,2018,27.49999943,10.5,30
MOREY,2019,16.5,18,30
NEAL,1984,15,11,11
NEAL,1986,15,13,11
NEAL,1987,17,15,11
NEAL,1989,13,15,11
NEAL,1990,10,11,11
NEAL,1995,11,14,11
NEAL,2001,12,10.66666667,11
NEAL,2005,14.36666679,14.86666679,11
NEAL,2010,14.69999981,15.25,11
NEAL,2014,18.82500029,20.39999962,11
NEAL,2015,16.77499962,19.89999962,11
NEWARK,1980,6,7,9
NEWARK,1984,11,9,9
NEWARK,1988,6,5,9
NEWARK,1995,7,5,9
NEWARK,2001,5.333333333,5.666666667,9
NEWARK,2005,7.916666667,6.826666832,9
NEWARK,2006,8.779999733,9.153333346,9
NEWARK,2007,8.900000254,9.406666756,9
NEWARK,2010,8.350000024,8.049999952,9
NICHOLS,1988,9,9,11
NICHOLS,1989,7,7,11
NICHOLS,1990,9,9,11
NICHOLS,1991,7,7,11
NICHOLS,1997,7.300000191,7.300000191,11
NICHOLS,1998,11.30000019,8.699999809,11
NICHOLS,2004,10,10.33333333,11
NICHOLS,2007,13.66666635,13.46666654,11
NICHOLS,2010,10.98214279,10.6500001,11
NICHOLS,2011,10,9.849999905,11
NICHOLS,2012,9.055000305,10,11
NINEVAH,1982,9,7,9
NINEVAH,1984,10,9,9
NINEVAH,1985,9,9,9
NINEVAH,1990,6,6,9
NINEVAH,1996,7.699999809,8.699999809,9
NINEVAH,2001,10,6.666666667,9
NINEVAH,2007,10.96666654,10.51999982,9
NINEVAH,2010,9.100000381,9.609999657,9
NINEVAH,2012,9.479999542,11.39999962,9
NORFORD,1992,8,7,6
NORFORD,1995,5,5,6
NORFORD,1999,7,5,6
NORFORD,2000,7.300000191,5.699999809,6
NORFORD,2007,7.166666667,7.123333295,6
NORFORD,2017,7.710000038,9.100000381,6
NORTH MONTPELIER,2002,15.66666667,17,5
NORTH MONTPELIER,2003,11.66666667,10.33333333,5
NORTH MONTPELIER,2004,12.66666667,14,5
NORTH MONTPELIER,2010,18.20000076,17.20000076,5
NORTH MONTPELIER,2015,15.39999962,14.89999962,5
NORTON,1982,6,7,15
NORTON,1984,9,11,15
NORTON,1986,8,8,15
NORTON,1989,9,8,15
NORTON,1990,8,9,15
NORTON,1996,5.300000191,5,15
NORTON,2001,10.66666667,7.666666667,15
NORTON,2007,11.03333314,9.800000191,15
NORTON,2008,11.5666666,14.23333359,15
NORTON,2009,12,13.90000025,15
NORTON,2010,10.9000001,10.8499999,15
NORTON,2011,14.79999971,12.44999981,15
NORTON,2012,11.9000001,11.69999981,15
NORTON,2014,11.19999981,9.90500021,15
NORTON,2015,14.6500001,16.89999962,15
NOYES,1991,13,12,6
NOYES,1992,11,10,6
NOYES,1993,11,12,6
NOYES,1998,10,10,6
NOYES,2004,10.66666667,11.33333333,6
NOYES,2011,13.5,12.39999962,6
NULHEGAN,1986,10,12,10
NULHEGAN,1987,9,9,10
NULHEGAN,1988,8,10,10
NULHEGAN,1989,8,9,10
NULHEGAN,1991,9,8,10
NULHEGAN,1994,8.300000191,5,10
NULHEGAN,2001,8,11,10
NULHEGAN,2005,8.796666781,8.323333422,10
NULHEGAN,2010,11.1500001,10.60000038,10
NULHEGAN,2011,15.25,12,10
OLD MARSH,1992,18,26,6
OLD MARSH,1995,7,9.300000191,6
OLD MARSH,1997,8,9,6
OLD MARSH,2002,10.66666667,10.66666667,6
OLD MARSH,2006,11.32333342,12.89999962,6
OLD MARSH,2011,10.39999962,10.80000019,6
OSMORE,1987,18,18,11
OSMORE,1988,7,7,11
OSMORE,1989,8,9,11
OSMORE,1990,6,6,11
OSMORE,1991,14,8,11
OSMORE,1997,6,7,11
OSMORE,1998,7,6.699999809,11
OSMORE,2003,16,9.666666667,11
OSMORE,2004,9.666666667,9.333333333,11
OSMORE,2010,10.89999962,10.39999962,11
OSMORE,2011,9.159999847,10.10000038,11
PARAN,1981,13,14,11
PARAN,1982,18,23,11
PARAN,1983,14,12,11
PARAN,1984,9,7,11
PARAN,1989,17,13,11
PARAN,1998,14.30000019,15.69999981,11
PARAN,1999,12.30000019,12.30000019,11
PARAN,2005,12.96666686,9.509999911,11
PARAN,2006,17.16666635,11.33333365,11
PARAN,2011,12,12,11
PARAN,2018,10.07999992,9.399999619,11
PARKER,1980,17,18,21
PARKER,1981,22,20,21
PARKER,1982,18,20,21
PARKER,1983,14,17,21
PARKER,1984,13,12,21
PARKER,1985,14,13,21
PARKER,1986,13,12,21
PARKER,1987,12,12,21
PARKER,1990,19,20,21
PARKER,1991,15,13,21
PARKER,1995,21,18.70000076,21
PARKER,1997,14,17,21
PARKER,1999,16.70000076,18,21
PARKER,2000,19.29999924,23.29999924,21
PARKER,2001,12.33333333,13.33333333,21
PARKER,2002,17,17,21
PARKER,2004,14.33333333,14.66666667,21
PARKER,2005,15.13333352,15.63333352,21
PARKER,2006,17.26666641,17.13333289,21
PARKER,2007,22.53333282,23.89999962,21
PARKER,2009,18.63333321,17.16666667,21
PEACHAM,1983,12,10,8
PEACHAM,1984,7,8,8
PEACHAM,1985,8,8,8
PEACHAM,1994,7.300000191,7.300000191,8
PEACHAM,1998,8.300000191,7.699999809,8
PEACHAM,2002,8.333333333,7.666666667,8
PEACHAM,2008,10.35000006,10.25,8
PEACHAM,2016,14.70999956,9.470000267,8
PENSIONER,1985,10,10,8
PENSIONER,1987,12,14,8
PENSIONER,1989,11,12,8
PENSIONER,1991,10,10,8
PENSIONER,1997,9,9,8
PENSIONER,2002,9,8.666666667,8
PENSIONER,2006,13.13333321,13.60000006,8
PENSIONER,2013,13.94999981,10.75,8
PERCH (BENSON),1983,8,8,10
PERCH (BENSON),1984,11,11,10
PERCH (BENSON),1985,10,8,10
PERCH (BENSON),1986,9,8,10
PERCH (BENSON),1993,9.699999809,10,10
PERCH (BENSON),1997,7.300000191,6.699999809,10
PERCH (BENSON),2002,9.333333333,8.666666667,10
PERCH (BENSON),2003,12.66666667,11,10
PERCH (BENSON),2005,11.94999981,9.146666527,10
PERCH (BENSON),2011,9.563999844,7.069999933,10
PIGEON,1995,11.69999981,8.300000191,5
PIGEON,2001,6,5.333333333,5
PIGEON,2002,7.333333333,7.666666667,5
PIGEON,2004,8.333333333,7.333333333,5
PIGEON,2018,8.109999895,9.245000362,5
PINNEO,1983,38,39,8
PINNEO,1984,28,25,8
PINNEO,1985,24,32,8
PINNEO,1986,30,30,8
PINNEO,1994,14.69999981,16.70000076,8
PINNEO,1998,18.70000076,19,8
PINNEO,2004,22,15,8
PINNEO,2010,13.89999962,20.70000076,8
RAPONDA,1980,15,8,12
RAPONDA,1981,10,7,12
RAPONDA,1982,5,7,12
RAPONDA,1983,8,6,12
RAPONDA,1984,9,9,12
RAPONDA,1985,12,16,12
RAPONDA,1986,12,11,12
RAPONDA,1987,19,18,12
RAPONDA,1994,6.699999809,5.300000191,12
RAPONDA,1999,10.69999981,7,12
RAPONDA,2006,12.26666641,10.51333332,12
RAPONDA,2013,7.829999924,8.180000305,12
RESCUE,1980,5,7,16
RESCUE,1981,5,5,16
RESCUE,1983,14,17,16
RESCUE,1985,6,8,16
RESCUE,1986,7,8,16
RESCUE,1994,5,6.699999809,16
RESCUE,1996,7,7.300000191,16
RESCUE,1998,5.699999809,6.699999809,16
RESCUE,2005,9.640000025,9.223333677,16
RESCUE,2007,9.049999873,8.203333219,16
RESCUE,2008,7.349999905,8.806666692,16
RESCUE,2009,7.846666495,9.96666654,16
RESCUE,2012,12.69999981,13.19999981,16
RESCUE,2013,13.20000029,12.6500001,16
RESCUE,2014,12.04999971,10.38500023,16
RESCUE,2019,14.5,14.5,16
RICKER,1986,9,8,9
RICKER,1987,17,16,9
RICKER,1989,10,10,9
RICKER,1990,7,6,9
RICKER,1991,8,8,9
RICKER,1998,6.800000191,6.300000191,9
RICKER,2003,7.666666667,7.333333333,9
RICKER,2010,8.940000057,8.449999809,9
RICKER,2011,10.70000029,12.10000038,9
ROOD,1987,10,7,7
ROOD,1989,13,11,7
ROOD,1990,10,8,7
ROOD,1998,14,8.300000191,7
ROOD,2010,15.29142857,7.595000029,7
ROOD,2011,12.62000008,10.85500002,7
ROOD,2012,10.78333346,10.17000008,7
ROUND (MILTON),1980,26,21,5
ROUND (MILTON),1992,29,33,5
ROUND (MILTON),2005,28.05000019,21.33333333,5
ROUND (MILTON),2007,32.36666616,27.73333359,5
ROUND (MILTON),2013,26.30000019,23.44999981,5
RUNNEMEDE,1989,17,16,7
RUNNEMEDE,1995,14.30000019,12,7
RUNNEMEDE,1999,18,14,7
RUNNEMEDE,2000,21,17,7
RUNNEMEDE,2008,19.73333295,19.43333308,7
RUNNEMEDE,2014,24.5,19,7
RUNNEMEDE,2019,20,25,7
SABIN,1980,7,6,19
SABIN,1981,8,7,19
SABIN,1982,7,9,19
SABIN,1983,9,9,19
SABIN,1984,7,6,19
SABIN,1985,8,9,19
SABIN,1986,8,8,19
SABIN,1987,10,11,19
SABIN,1996,10.39999962,10,19
SABIN,2002,10.33333333,8.666666667,19
SABIN,2004,10,7.666666667,19
SABIN,2005,9.664999962,8.683333397,19
SABIN,2006,13.16666667,9.53666687,19
SABIN,2007,12.00000032,10.36666679,19
SABIN,2008,11.33333302,8.683333397,19
SABIN,2009,11.13333352,9.596666972,19
SABIN,2010,10.11571421,11.80999994,19
SABIN,2012,9.196249962,9.755000114,19
SABIN,2019,8.5,8,19
SADAWGA,1980,12,8,7
SADAWGA,1981,8,12,7
SADAWGA,1992,14,12,7
SADAWGA,2002,11.66666667,10.33333333,7
SADAWGA,2006,16.26666673,16.06666692,7
SADAWGA,2009,14.33333333,16.26666673,7
SADAWGA,2013,13.1500001,12.69999981,7
SALEM,1980,10,11,13
SALEM,1981,12,10,13
SALEM,1982,14,14,13
SALEM,1983,13,13,13
SALEM,1984,10,10,13
SALEM,1985,10,10,13
SALEM,1986,10,11,13
SALEM,1987,13,12,13
SALEM,1995,8.699999809,9,13
SALEM,1999,9.300000191,10.69999981,13
SALEM,2000,11.30000019,10.30000019,13
SALEM,2004,11,11,13
SALEM,2007,13,12.80000019,13
SEYMOUR,1980,9,9,20
SEYMOUR,1981,5,5,20
SEYMOUR,1982,10,11,20
SEYMOUR,1983,5,9,20
SEYMOUR,1984,8,8,20
SEYMOUR,1985,9,9,20
SEYMOUR,1986,8,6,20
SEYMOUR,1994,5.699999809,6.300000191,20
SEYMOUR,1995,6.300000191,8.300000191,20
SEYMOUR,1998,6,5.699999809,20
SEYMOUR,2000,9,9.300000191,20
SEYMOUR,2006,11.42333349,9.950000127,20
SEYMOUR,2007,10.36666679,10.79999987,20
SEYMOUR,2008,8.613333384,10.41666667,20
SEYMOUR,2009,10.23666636,8.950000127,20
SEYMOUR,2010,15.90499973,10.39499998,20
SEYMOUR,2012,8.195000172,8.11500001,20
SEYMOUR,2013,8.764999866,8.730000019,20
SEYMOUR,2014,9.320000172,11.8499999,20
SEYMOUR,2017,8.119999886,8.125,20
SHADOW (CONCRD),1982,8,5,11
SHADOW (CONCRD),1986,9,10,11
SHADOW (CONCRD),1987,9,13,11
SHADOW (CONCRD),1989,10,10,11
SHADOW (CONCRD),1990,7,7,11
SHADOW (CONCRD),1996,6.300000191,9,11
SHADOW (CONCRD),2001,11,9.333333333,11
SHADOW (CONCRD),2005,9.913333575,11.89499998,11
SHADOW (CONCRD),2006,10.04333337,10.69333331,11
SHADOW (CONCRD),2007,8.79000028,9.353333155,11
SHADOW (CONCRD),2010,8.979285853,13.19999981,11
SHADOW (GLOVER),1980,6,5,18
SHADOW (GLOVER),1981,7,6,18
SHADOW (GLOVER),1982,6,5,18
SHADOW (GLOVER),1983,7,6,18
SHADOW (GLOVER),1984,5,6,18
SHADOW (GLOVER),1985,6,6,18
SHADOW (GLOVER),1986,9,7,18
SHADOW (GLOVER),1987,6,7,18
SHADOW (GLOVER),1993,10.30000019,9.699999809,18
SHADOW (GLOVER),1999,9.699999809,9,18
SHADOW (GLOVER),2000,9.699999809,11.69999981,18
SHADOW (GLOVER),2001,5.666666667,5.666666667,18
SHADOW (GLOVER),2004,7.333333333,7.333333333,18
SHADOW (GLOVER),2007,11.16666667,11.29999987,18
SHADOW (GLOVER),2009,9.056666692,10.9333334,18
SHADOW (GLOVER),2010,10.28999996,8.375,18
SHADOW (GLOVER),2012,11.87999964,8.06000042,18
SHADOW (GLOVER),2014,12.07631583,12.87999989,18
SHAFTSBURY,1992,10,11,6
SHAFTSBURY,1994,5.300000191,7.300000191,6
SHAFTSBURY,1999,8,10.30000019,6
SHAFTSBURY,2005,8.120000045,7.053333282,6
SHAFTSBURY,2006,8.509999911,9.259999911,6
SHAFTSBURY,2011,7.699999809,,6
SHELBURNE,1980,100,94,26
SHELBURNE,1981,67,80,26
SHELBURNE,1982,79,94,26
SHELBURNE,1983,65,68,26
SHELBURNE,1984,173,163,26
SHELBURNE,1985,72,73,26
SHELBURNE,1986,107,111,26
SHELBURNE,1987,131,135,26
SHELBURNE,1994,122,119.3000031,26
SHELBURNE,1995,69,60.29999924,26
SHELBURNE,1996,62,61.70000076,26
SHELBURNE,1998,93,84.30000305,26
SHELBURNE,1999,61.70000076,65.69999695,26
SHELBURNE,2000,57.29999924,58.29999924,26
SHELBURNE,2001,67.66666667,65.66666667,26
SHELBURNE,2002,53.66666667,51.66666667,26
SHELBURNE,2003,83,80.66666667,26
SHELBURNE,2004,83.33333333,77,26
SHELBURNE,2006,65.80000178,68.50000127,26
SHELBURNE,2007,36.93333308,37,26
SHELBURNE,2008,59.13333384,66.90000153,26
SHELBURNE,2009,66.23333232,61.73333359,26
SHELBURNE,2010,85.04999924,109.4500008,26
SHELBURNE,2014,71.39999771,67,26
SHELBURNE,2015,51.45714433,49.27499962,26
SHELBURNE,2016,41.60000038,36.59999847,26
SILVER (BARNRD),1980,17,13,15
SILVER (BARNRD),1981,7,12,15
SILVER (BARNRD),1982,13,18,15
SILVER (BARNRD),1983,24,18,15
SILVER (BARNRD),1984,17,15,15
SILVER (BARNRD),1985,15,17,15
SILVER (BARNRD),1986,11,14,15
SILVER (BARNRD),1987,9,7,15
SILVER (BARNRD),1988,11,11,15
SILVER (BARNRD),1989,20,19,15
SILVER (BARNRD),1996,16,15,15
SILVER (BARNRD),1997,11.30000019,9.699999809,15
SILVER (BARNRD),2001,11.33333333,8.666666667,15
SILVER (BARNRD),2006,17.29999987,17.5,15
SILVER (BARNRD),2011,11.50000032,11.4000001,15
SILVER (LEICTR),1996,6.699999809,7.699999809,7
SILVER (LEICTR),1997,13,8,7
SILVER (LEICTR),1999,8.699999809,7,7
SILVER (LEICTR),2000,12,9,7
SILVER (LEICTR),2005,9.236666679,9.420000076,7
SILVER (LEICTR),2007,12.80000019,13.0666666,7
SILVER (LEICTR),2013,10.55000019,11.3499999,7
SODOM,1987,18,15,5
SODOM,1989,9,8,5
SODOM,1990,9,8,5
SODOM,2010,22,20.39999962,5
SODOM,2015,19.79999924,17.20000076,5
SOUTH (EDEN),1998,5.699999809,7.699999809,5
SOUTH (EDEN),1999,8.300000191,9,5
SOUTH (EDEN),2000,8.699999809,8,5
SOUTH (EDEN),2007,12.76666673,12.89999994,5
SOUTH (EDEN),2011,10.72500038,10.20000029,5
SOUTH (MARLBR),1980,5,5,9
SOUTH (MARLBR),1989,8,11,9
SOUTH (MARLBR),1990,8,8,9
SOUTH (MARLBR),1991,8,10,9
SOUTH (MARLBR),1992,7,7,9
SOUTH (MARLBR),1998,7.699999809,5,9
SOUTH (MARLBR),2004,8.666666667,6,9
SOUTH (MARLBR),2006,11.23333327,11.04666678,9
SOUTH (MARLBR),2016,9.152499914,9.485000134,9
SPECTACLE,1980,9,9,7
SPECTACLE,1986,10,11,7
SPECTACLE,1987,9,10,7
SPECTACLE,1993,11.30000019,11.69999981,7
SPECTACLE,1999,9.300000191,10.69999981,7
SPECTACLE,2005,11.03333314,9.906666756,7
SPECTACLE,2013,10.47000027,20.89999962,7
SPRING (SHRWBY),1987,15,14,15
SPRING (SHRWBY),1989,15,16,15
SPRING (SHRWBY),1990,12,13,15
SPRING (SHRWBY),1995,15.30000019,20,15
SPRING (SHRWBY),1996,18,18,15
SPRING (SHRWBY),2001,16.66666667,18,15
SPRING (SHRWBY),2003,23.66666667,24.33333333,15
SPRING (SHRWBY),2004,22.33333333,24,15
SPRING (SHRWBY),2005,34.36666743,22.75,15
SPRING (SHRWBY),2006,21.49999936,21.36666616,15
SPRING (SHRWBY),2007,22.66666667,22.66666667,15
SPRING (SHRWBY),2008,20.59999975,19.09999975,15
SPRING (SHRWBY),2011,28.33333333,17.75,15
SPRING (SHRWBY),2012,34.38181834,14.87499952,15
SPRING (SHRWBY),2018,51.87583319,8.010000229,15
ST. CATHERINE,1980,12,11,23
ST. CATHERINE,1981,18,12,23
ST. CATHERINE,1982,19,19,23
ST. CATHERINE,1983,16,16,23
ST. CATHERINE,1984,15,14,23
ST. CATHERINE,1985,13,14,23
ST. CATHERINE,1986,12,13,23
ST. CATHERINE,1987,17,16,23
ST. CATHERINE,1994,10.30000019,10,23
ST. CATHERINE,1995,13.69999981,14.69999981,23
ST. CATHERINE,1996,15.30000019,14,23
ST. CATHERINE,1998,13.30000019,16.29999924,23
ST. CATHERINE,1999,14.69999981,14.30000019,23
ST. CATHERINE,2000,12,14,23
ST. CATHERINE,2001,10.33333333,8.666666667,23
ST. CATHERINE,2002,14.66666667,14.66666667,23
ST. CATHERINE,2004,13.66666667,13.66666667,23
ST. CATHERINE,2005,13.44999981,13.46666654,23
ST. CATHERINE,2006,17.86666743,17.26666641,23
ST. CATHERINE,2007,19,16.79999987,23
ST. CATHERINE,2008,11.36666648,12.53333314,23
ST. CATHERINE,2009,16.70000013,15.59999975,23
ST. CATHERINE,2012,17.75,10.25999999,23
STAR,1980,22,21,15
STAR,1981,24,23,15
STAR,1982,14,14,15
STAR,1983,17,17,15
STAR,1984,23,26,15
STAR,1985,16,20,15
STAR,1986,24,25,15
STAR,1987,19,20,15
STAR,1990,16,17,15
STAR,1997,11.30000019,12,15
STAR,2002,17.33333333,14.33333333,15
STAR,2003,20.66666667,19.33333333,15
STAR,2005,21.79999987,21.26666641,15
STAR,2010,21.39999962,19.70000076,15
STAR,2016,19.5,15.89999962,15
STOUGHTON,1989,15,15,6
STOUGHTON,1991,11,9,6
STOUGHTON,1992,9,9,6
STOUGHTON,1998,11.30000019,10,6
STOUGHTON,2004,9,8.666666667,6
STOUGHTON,2010,12.04999971,10.89999962,6
SUNRISE,1980,14,9,11
SUNRISE,1986,15,13,11
SUNRISE,1987,16,16,11
SUNRISE,1989,20,11,11
SUNRISE,1990,15,14,11
SUNRISE,1996,14,12.30000019,11
SUNRISE,1998,15.30000019,8,11
SUNRISE,2002,12.33333333,10.33333333,11
SUNRISE,2004,16.33333333,10.66666667,11
SUNRISE,2006,12.83333302,14.26666705,11
SUNRISE,2011,15.02000008,14.55000019,11
SUNSET (BENSON),1980,5,9,14
SUNSET (BENSON),1981,8,8,14
SUNSET (BENSON),1982,10,10,14
SUNSET (BENSON),1983,5,5,14
SUNSET (BENSON),1984,7,6,14
SUNSET (BENSON),1985,7,7,14
SUNSET (BENSON),1986,7,6,14
SUNSET (BENSON),1987,7,6,14
SUNSET (BENSON),1989,7,7,14
SUNSET (BENSON),1996,6,5.300000191,14
SUNSET (BENSON),1998,11.30000019,7.699999809,14
SUNSET (BENSON),2004,7,7.666666667,14
SUNSET (BENSON),2006,5.690000057,6.51666673,14
SUNSET (BENSON),2011,6.889999866,6.765000105,14
SUNSET (BRKFLD),1987,9,8,8
SUNSET (BRKFLD),1989,14,12,8
SUNSET (BRKFLD),1990,9,8,8
SUNSET (BRKFLD),1991,9,8,8
SUNSET (BRKFLD),1998,5.300000191,6.300000191,8
SUNSET (BRKFLD),2001,8.666666667,7.666666667,8
SUNSET (BRKFLD),2006,15.5666666,12.5,8
SUNSET (BRKFLD),2011,10.2249999,11.2349999,8
SUNSET (MARLBR),1992,6,6,9
SUNSET (MARLBR),1993,7.300000191,5,9
SUNSET (MARLBR),1994,5,5,9
SUNSET (MARLBR),1998,5,5,9
SUNSET (MARLBR),2004,19,11.66666667,9
SUNSET (MARLBR),2006,9.059999943,9.099999905,9
SUNSET (MARLBR),2008,5.869999886,7.323333263,9
SUNSET (MARLBR),2011,5,5.329999924,9
SUNSET (MARLBR),2012,5.99000001,6.230000019,9
SWEET,1992,6,6,6
SWEET,1993,7,7,6
SWEET,1994,5,5,6
SWEET,1995,5,6.300000191,6
SWEET,2001,6.666666667,5,6
SWEET,2007,7.393333435,7.213333289,6
THURMAN W. DIX,1992,10,9,6
THURMAN W. DIX,1993,10.69999981,10.30000019,6
THURMAN W. DIX,1994,6.300000191,5.300000191,6
THURMAN W. DIX,1997,6,6.699999809,6
THURMAN W. DIX,2002,9.333333333,8.666666667,6
THURMAN W. DIX,2013,10.64333344,10.70499992,6
TICKLENAKED,1981,59,40,28
TICKLENAKED,1982,32,35,28
TICKLENAKED,1983,53,63,28
TICKLENAKED,1984,43,28,28
TICKLENAKED,1985,32,33,28
TICKLENAKED,1986,26,20,28
TICKLENAKED,1987,37,29,28
TICKLENAKED,1993,40.29999924,29,28
TICKLENAKED,1998,60,29,28
TICKLENAKED,1999,55.70000076,51.29999924,28
TICKLENAKED,2000,46.29999924,40,28
TICKLENAKED,2001,122,31.33333333,28
TICKLENAKED,2002,78.66666667,25,28
TICKLENAKED,2003,55.33333333,28.66666667,28
TICKLENAKED,2004,53,31.33333333,28
TICKLENAKED,2005,91.33333333,41.86666616,28
TICKLENAKED,2006,45.83333333,31.46666654,28
TICKLENAKED,2007,45.03333282,26.43333308,28
TICKLENAKED,2008,42.8333327,16.5,28
TICKLENAKED,2009,46.76666641,21.20000013,28
TICKLENAKED,2011,36.51999969,29.20000076,28
TICKLENAKED,2012,71.59999847,66.19999695,28
TICKLENAKED,2013,54.17142868,54.5,28
TICKLENAKED,2014,59.32857186,38.5,28
TICKLENAKED,2015,18.95714297,20.60000038,28
TICKLENAKED,2016,20.17857116,19,28
TICKLENAKED,2018,20.14999989,22.5,28
TICKLENAKED,2020,25.88571439,,28
TILDYS,1981,17,14,8
TILDYS,1987,22,21,8
TILDYS,1989,29,31,8
TILDYS,1990,32,34,8
TILDYS,1996,14,15,8
TILDYS,2000,17,16.70000076,8
TILDYS,2004,16.33333333,18,8
TILDYS,2007,15.56666692,15.99999968,8
TURTLEHEAD,1980,17,12,7
TURTLEHEAD,1988,14,9,7
TURTLEHEAD,1989,17,15,7
TURTLEHEAD,1997,12,13,7
TURTLEHEAD,2002,10.33333333,9.666666667,7
TURTLEHEAD,2007,16.46666654,16.66666667,7
TURTLEHEAD,2010,11.5,11.5,7
VALLEY,1981,32,33,10
VALLEY,1982,27,31,10
VALLEY,1984,,29,10
VALLEY,1985,124,52,10
VALLEY,1993,40,30.29999924,10
VALLEY,2000,14,12.30000019,10
VALLEY,2004,24.33333333,21.66666667,10
VALLEY,2007,24.63333321,24.59999975,10
VALLEY,2010,23.13333331,17.0999999,10
VALLEY,2011,22.35000002,29.74999952,10
WALLACE,1984,11,10,10
WALLACE,1986,11,10,10
WALLACE,1987,11,11,10
WALLACE,1995,10.30000019,10,10
WALLACE,2001,9.333333333,9,10
WALLACE,2005,12.16666667,11.96666686,10
WALLACE,2007,19.26666641,15.63333321,10
WALLACE,2009,13.39999994,13.0666666,10
WALLACE,2012,13.44999981,15.75000048,10
WALLACE,2017,14.10000038,14.9000001,10
WANTASTIQUET,1995,12.30000019,7,5
WANTASTIQUET,1997,8.300000191,10.30000019,5
WANTASTIQUET,2002,10,9.666666667,5
WANTASTIQUET,2007,9.375,9.260000229,5
WANTASTIQUET,2010,9.775000095,10.69999981,5
WAPANACKI,1983,15,12,7
WAPANACKI,1984,12,12,7
WAPANACKI,1985,11,9,7
WAPANACKI,1992,21,9,7
WAPANACKI,1999,12.69999981,9.699999809,7
WAPANACKI,2005,13.20000013,11.70000013,7
WAPANACKI,2011,13.0999999,10.69999981,7
WARDEN,1991,12,11,8
WARDEN,1992,13,12,8
WARDEN,1993,14.69999981,13.69999981,8
WARDEN,1994,10,10.69999981,8
WARDEN,1999,12.30000019,10.5,8
WARDEN,2007,11.86666648,12.5,8
WARDEN,2010,11.37222216,9.784999967,8
WARDEN,2017,15.7788886,9.770000458,8
WATERBURY,1990,12,12,6
WATERBURY,1995,8,9.300000191,6
WATERBURY,1996,31,41.70000076,6
WATERBURY,2008,11.4333334,11.03333314,6
WATERBURY,2010,16.2500002,13.94999981,6
WATERBURY,2011,53.15000153,51.00000095,6
WEATHERHEAD HOLLOW,1980,5,5,7
WEATHERHEAD HOLLOW,1989,9,10,7
WEATHERHEAD HOLLOW,1990,6,5,7
WEATHERHEAD HOLLOW,1997,10.30000019,6.300000191,7
WEATHERHEAD HOLLOW,1999,6.699999809,6.300000191,7
WEATHERHEAD HOLLOW,2005,7.406666597,8.900000095,7
WEATHERHEAD HOLLOW,2012,8.590000153,14.39999962,7
WEST HILL,1991,10,9,6
WEST HILL,1992,12,12,6
WEST HILL,1993,9,10,6
WEST HILL,1999,5,5,6
WEST HILL,2004,6.333333333,7,6
WEST HILL,2010,10.10000038,,6
WEST MOUNTAIN,1992,10,12,5
WEST MOUNTAIN,1995,12,9.699999809,5
WEST MOUNTAIN,2001,10.33333333,12,5
WEST MOUNTAIN,2008,9.776666959,9.193333308,5
WEST MOUNTAIN,2010,9.159999847,10.30000019,5
WHEELER (BRUNWK),1995,12,11,5
WHEELER (BRUNWK),2003,11,10.66666667,5
WHEELER (BRUNWK),2005,12.80000019,10.86666648,5
WHEELER (BRUNWK),2008,11.80000019,9.549999873,5
WHEELER (BRUNWK),2010,13.1500001,14.5,5
WILLOUGHBY,1980,5,5,20
WILLOUGHBY,1981,5,5,20
WILLOUGHBY,1982,5,5,20
WILLOUGHBY,1983,5,5,20
WILLOUGHBY,1984,5,5,20
WILLOUGHBY,1985,6,6,20
WILLOUGHBY,1986,6,5,20
WILLOUGHBY,1987,6,6,20
WILLOUGHBY,1992,5,5,20
WILLOUGHBY,1997,5,5,20
WILLOUGHBY,1998,5,5,20
WILLOUGHBY,2003,5,5,20
WILLOUGHBY,2004,5.666666667,5,20
WILLOUGHBY,2006,6.783333302,7.120000045,20
WILLOUGHBY,2007,9.106666565,8.760000229,20
WILLOUGHBY,2008,6.353333314,6.109999975,20
WILLOUGHBY,2009,6.546666781,6.166666667,20
WILLOUGHBY,2010,5.099999905,5.399999857,20
WILLOUGHBY,2012,5.325000048,6.340000153,20
WILLOUGHBY,2014,7.910000165,11.03999996,20
WINONA,1980,29,28,12
WINONA,1981,24,23,12
WINONA,1983,13,15,12
WINONA,1984,29,21,12
WINONA,1985,21,20,12
WINONA,1986,17,18,12
WINONA,1987,23,19,12
WINONA,1993,21.70000076,23.29999924,12
WINONA,2001,27.33333333,26.66666667,12
WINONA,2003,27.5,23,12
WINONA,2005,19.30000051,21.49999936,12
WINONA,2011,29.39999962,26.5,12
WOLCOTT,1987,17,16,10
WOLCOTT,1989,16,17,10
WOLCOTT,1990,13,12,10
WOLCOTT,1991,26,16,10
WOLCOTT,1992,16,14,10
WOLCOTT,1998,17.29999924,16.70000076,10
WOLCOTT,2003,11.66666667,11.66666667,10
WOLCOTT,2007,19.13333321,17.13333321,10
WOLCOTT,2008,13.53333314,13.13333321,10
WOLCOTT,2009,13.69999981,12.70000013,10
WOODWARD,1981,8,5,11
WOODWARD,1982,10,7,11
WOODWARD,1984,8,8,11
WOODWARD,1985,11,11,11
WOODWARD,1994,5,5,11
WOODWARD,1995,5.699999809,6,11
WOODWARD,1998,7.699999809,6.699999809,11
WOODWARD,2004,10.33333333,10,11
WOODWARD,2007,8.420000076,8.310000102,11
WOODWARD,2012,7.605000019,8.694999933,11
WOODWARD,2013,7.121428558,7.494999886,11
WRIGHTSVILLE,1982,13,14,5
WRIGHTSVILLE,1990,12,11,5
WRIGHTSVILLE,1992,10,10,5
WRIGHTSVILLE,2004,10.33333333,9,5
WRIGHTSVILLE,2014,12.06666629,11.78499985,5
ZACK WOODS,1987,13,10,20
ZACK WOODS,1988,17,11,20
ZACK WOODS,1989,24,12,20
ZACK WOODS,1990,16,8,20
ZACK WOODS,1991,18,10,20
ZACK WOODS,1992,19,8,20
ZACK WOODS,1998,19.29999924,8.300000191,20
ZACK WOODS,2004,14.66666667,9,20
ZACK WOODS,2007,28.79999987,13.26666673,20
ZACK WOODS,2008,32.66666667,11.26666673,20
ZACK WOODS,2009,25.9666659,10.96666654,20
ZACK WOODS,2012,17.0374999,13.94999981,20
ZACK WOODS,2013,21.24444442,10.20000005,20
ZACK WOODS,2014,26.22888851,13.03999996,20
ZACK WOODS,2015,32.33749998,10.80000019,20
ZACK WOODS,2016,14.27249992,15.89999962,20
ZACK WOODS,2017,17.32777739,11.69999981,20
ZACK WOODS,2018,34.77499998,11.19999981,20
ZACK WOODS,2019,22.125,8,20
ZACK WOODS,2020,24.97500026,13.60000038,20
